Subject,Channel,Band,Correlation,P_Value
1,Fp1,Alpha,-0.031911,0.583221
1,Fz,Alpha,0.020814,0.720473
1,F3,Alpha,-0.039976,0.491794
1,F7,Alpha,-0.030555,0.599324
1,FC5,Alpha,0.073556,0.205460
1,FC1,Alpha,0.051190,0.378565
1,C3,Alpha,-0.009728,0.867190
1,T7,Alpha,0.141734,0.014334
1,CP5,Alpha,0.072990,0.208975
1,CP1,Alpha,-0.094839,0.102263
1,Pz,Alpha,-0.053326,0.358967
1,P3,Alpha,-0.108665,0.060997
1,P7,Alpha,0.057832,0.319752
1,O1,Alpha,-0.157658,0.006387
1,Oz,Alpha,-0.075223,0.195344
1,O2,Alpha,-0.012326,0.832195
1,P4,Alpha,0.035072,0.546452
1,P8,Alpha,0.051386,0.376738
1,CP6,Alpha,0.021113,0.716628
1,CP2,Alpha,0.009779,0.866506
1,Cz,Alpha,0.042736,0.462360
1,C4,Alpha,-0.004283,0.941309
1,T8,Alpha,-0.101602,0.079932
1,FC6,Alpha,0.006828,0.906556
1,FC2,Alpha,0.000432,0.994079
1,F4,Alpha,0.045693,0.431938
1,F8,Alpha,-0.014496,0.803202
1,Fp2,Alpha,0.005264,0.927899
1,AF7,Alpha,-0.088252,0.128504
1,AFz,Alpha,-0.011550,0.842612
1,F1,Alpha,0.013803,0.812435
1,F5,Alpha,-0.040116,0.490271
1,FT7,Alpha,0.101984,0.078799
1,FC3,Alpha,0.017962,0.757482
1,C1,Alpha,-0.014390,0.804616
1,C5,Alpha,0.093025,0.109026
1,TP7,Alpha,0.067212,0.247401
1,P1,Alpha,-0.117488,0.042697
1,P5,Alpha,-0.056381,0.332066
1,PO7,Alpha,-0.081329,0.161398
1,PO3,Alpha,-0.145784,0.011751
1,POz,Alpha,-0.121850,0.035513
1,PO4,Alpha,0.008351,0.885846
1,PO8,Alpha,0.016475,0.776998
1,P6,Alpha,0.013817,0.812245
1,P2,Alpha,-0.035526,0.541278
1,CPz,Alpha,0.015975,0.783602
1,TP8,Alpha,0.007672,0.895077
1,C6,Alpha,-0.022785,0.695257
1,C2,Alpha,-0.022211,0.702569
1,FC4,Alpha,-0.014919,0.797579
1,FT8,Alpha,-0.073350,0.206735
1,F6,Alpha,0.007297,0.900346
1,AF8,Alpha,0.034641,0.551399
1,F2,Alpha,0.022030,0.704882
2,Fp1,Alpha,-0.051843,0.402422
2,Fz,Alpha,-0.051359,0.401478
2,F3,Alpha,-0.065254,0.279123
2,F7,Alpha,-0.038482,0.525874
2,FC5,Alpha,0.069931,0.256628
2,FC1,Alpha,-0.037062,0.545771
2,C3,Alpha,0.116716,0.074759
2,T7,Alpha,0.057655,0.345290
2,CP5,Alpha,0.147313,0.017242
2,CP1,Alpha,0.028599,0.645578
2,Pz,Alpha,-0.116399,0.054293
2,P3,Alpha,0.073662,0.232054
2,P7,Alpha,0.099348,0.104628
2,O1,Alpha,0.058951,0.343737
2,Oz,Alpha,-0.016426,0.790909
2,O2,Alpha,0.025460,0.681082
2,P4,Alpha,-0.064726,0.290166
2,P8,Alpha,0.023991,0.703563
2,CP6,Alpha,-0.054053,0.378102
2,CP2,Alpha,-0.010659,0.859814
2,Cz,Alpha,-0.066942,0.268597
2,C4,Alpha,-0.040756,0.511299
2,T8,Alpha,0.049495,0.426772
2,FC6,Alpha,0.001807,0.976738
2,FC2,Alpha,-0.084419,0.165034
2,F4,Alpha,0.051404,0.409139
2,F8,Alpha,0.021062,0.731912
2,Fp2,Alpha,-0.013321,0.828801
2,AF7,Alpha,-0.061188,0.314691
2,AFz,Alpha,-0.136265,0.025978
2,F1,Alpha,-0.119103,0.049734
2,F5,Alpha,-0.089550,0.140000
2,FT7,Alpha,0.057747,0.346334
2,FC3,Alpha,0.025989,0.680172
2,C1,Alpha,0.090717,0.151032
2,C5,Alpha,0.076906,0.232309
2,TP7,Alpha,0.137117,0.030541
2,P1,Alpha,-0.036221,0.551971
2,P5,Alpha,0.113424,0.070580
2,PO7,Alpha,0.068251,0.268258
2,PO3,Alpha,0.127065,0.039476
2,POz,Alpha,-0.015057,0.803347
2,PO4,Alpha,-0.027017,0.656146
2,PO8,Alpha,-0.056247,0.371060
2,P6,Alpha,0.001530,0.980841
2,P2,Alpha,-0.148151,0.013751
2,CPz,Alpha,-0.129167,0.031942
2,TP8,Alpha,0.041166,0.506241
2,C6,Alpha,0.005714,0.926658
2,C2,Alpha,-0.041540,0.494297
2,FC4,Alpha,0.033073,0.591968
2,FT8,Alpha,-0.009720,0.874393
2,F6,Alpha,0.082181,0.179810
2,AF8,Alpha,-0.036066,0.555145
2,F2,Alpha,-0.092698,0.137567
3,Fp1,Alpha,0.161365,0.005390
3,Fz,Alpha,0.123570,0.033576
3,F3,Alpha,0.158333,0.006338
3,F7,Alpha,0.154389,0.008335
3,FC5,Alpha,0.187886,0.001163
3,FC1,Alpha,0.106180,0.068118
3,C3,Alpha,0.180600,0.001810
3,T7,Alpha,0.075272,0.196572
3,CP5,Alpha,0.093877,0.107596
3,CP1,Alpha,0.086664,0.136877
3,Pz,Alpha,0.151697,0.008949
3,P3,Alpha,0.076374,0.190835
3,P7,Alpha,0.029577,0.613499
3,O1,Alpha,0.103541,0.078346
3,Oz,Alpha,0.100744,0.087899
3,O2,Alpha,0.181498,0.001747
3,P4,Alpha,0.260161,0.000006
3,P8,Alpha,0.013372,0.818788
3,CP6,Alpha,0.088578,0.128388
3,CP2,Alpha,0.062146,0.286558
3,Cz,Alpha,0.109471,0.059958
3,C4,Alpha,0.055289,0.344816
3,T8,Alpha,0.044130,0.450964
3,FC6,Alpha,0.083554,0.151590
3,FC2,Alpha,0.100742,0.083577
3,F4,Alpha,0.136300,0.018975
3,F8,Alpha,0.126380,0.029717
3,Fp2,Alpha,0.077319,0.185390
3,AF7,Alpha,0.159157,0.006153
3,AFz,Alpha,0.122344,0.035702
3,F1,Alpha,0.125821,0.030452
3,F5,Alpha,0.171448,0.003187
3,FT7,Alpha,0.117504,0.043378
3,FC3,Alpha,0.176464,0.002311
3,C1,Alpha,0.086263,0.138710
3,C5,Alpha,0.193489,0.000835
3,TP7,Alpha,0.066923,0.251052
3,P1,Alpha,0.187951,0.001158
3,P5,Alpha,0.091794,0.115041
3,PO7,Alpha,0.082504,0.159670
3,PO3,Alpha,0.068472,0.241833
3,POz,Alpha,0.156262,0.007068
3,PO4,Alpha,0.194043,0.000806
3,PO8,Alpha,0.114647,0.050330
3,P6,Alpha,0.181034,0.001764
3,P2,Alpha,0.188268,0.001136
3,CPz,Alpha,0.074869,0.198984
3,TP8,Alpha,0.060252,0.302354
3,C6,Alpha,0.077120,0.187279
3,C2,Alpha,0.094311,0.105376
3,FC4,Alpha,0.112388,0.053824
3,FT8,Alpha,0.108414,0.062935
3,F6,Alpha,0.087916,0.131276
3,AF8,Alpha,0.052840,0.365817
3,F2,Alpha,0.135760,0.019457
4,Fp1,Alpha,0.199338,0.003642
4,Fz,Alpha,0.176563,0.009650
4,F3,Alpha,0.116070,0.095816
4,F7,Alpha,0.167134,0.015573
4,FC5,Alpha,0.115520,0.091860
4,FC1,Alpha,0.167338,0.014249
4,C3,Alpha,0.140180,0.040484
4,T7,Alpha,-0.005358,0.937894
4,CP5,Alpha,0.120318,0.079058
4,CP1,Alpha,0.180885,0.007989
4,Pz,Alpha,0.181562,0.007753
4,P3,Alpha,0.231125,0.000656
4,P7,Alpha,0.148229,0.030183
4,O1,Alpha,0.196549,0.003894
4,Oz,Alpha,0.243987,0.000315
4,O2,Alpha,0.229756,0.000707
4,P4,Alpha,0.120680,0.078154
4,P8,Alpha,0.196721,0.003862
4,CP6,Alpha,0.200361,0.003242
4,CP2,Alpha,0.170376,0.012558
4,Cz,Alpha,0.228706,0.000749
4,C4,Alpha,0.265118,0.000086
4,T8,Alpha,0.161920,0.017765
4,FC6,Alpha,0.301984,0.000010
4,FC2,Alpha,0.233091,0.000588
4,F4,Alpha,0.216713,0.001581
4,F8,Alpha,0.251192,0.000261
4,Fp2,Alpha,0.271626,0.000069
4,AF7,Alpha,0.170847,0.013164
4,AFz,Alpha,0.208980,0.002223
4,F1,Alpha,0.179947,0.008326
4,F5,Alpha,0.089722,0.208737
4,FT7,Alpha,0.032496,0.637213
4,FC3,Alpha,0.151065,0.027130
4,C1,Alpha,0.193586,0.004479
4,C5,Alpha,0.048467,0.480642
4,TP7,Alpha,0.144216,0.034999
4,P1,Alpha,0.215935,0.001483
4,P5,Alpha,0.225433,0.000896
4,PO7,Alpha,0.228454,0.000760
4,PO3,Alpha,0.198413,0.003562
4,POz,Alpha,0.181698,0.007706
4,PO4,Alpha,0.157793,0.020928
4,PO8,Alpha,0.212614,0.001761
4,P6,Alpha,0.191089,0.005033
4,P2,Alpha,0.120308,0.079084
4,CPz,Alpha,0.219545,0.001228
4,TP8,Alpha,0.213337,0.001696
4,C6,Alpha,0.270880,0.000060
4,C2,Alpha,0.252289,0.000192
4,FC4,Alpha,0.276053,0.000042
4,FT8,Alpha,0.233942,0.000613
4,F6,Alpha,0.151858,0.038010
4,AF8,Alpha,0.287168,0.000033
4,F2,Alpha,0.216906,0.001410
5,Fp1,Alpha,0.061952,0.287247
5,Fz,Alpha,0.033083,0.569459
5,F3,Alpha,0.049201,0.397398
5,F7,Alpha,-0.005560,0.924494
5,FC5,Alpha,0.039662,0.495196
5,FC1,Alpha,0.089492,0.123200
5,C3,Alpha,0.062445,0.282603
5,T7,Alpha,-0.014436,0.804660
5,CP5,Alpha,0.007897,0.892022
5,CP1,Alpha,-0.030571,0.599132
5,Pz,Alpha,0.019557,0.736707
5,P3,Alpha,-0.013171,0.820878
5,P7,Alpha,0.053429,0.358041
5,O1,Alpha,0.082241,0.157438
5,Oz,Alpha,0.101142,0.081830
5,O2,Alpha,0.044832,0.440674
5,P4,Alpha,0.032039,0.581706
5,P8,Alpha,0.013239,0.819960
5,CP6,Alpha,0.025639,0.659352
5,CP2,Alpha,0.058038,0.318030
5,Cz,Alpha,0.055733,0.337662
5,C4,Alpha,0.140795,0.014999
5,T8,Alpha,0.032249,0.579234
5,FC6,Alpha,0.016267,0.779740
5,FC2,Alpha,0.108021,0.062554
5,F4,Alpha,-0.011969,0.836975
5,F8,Alpha,0.013880,0.811719
5,Fp2,Alpha,-0.009376,0.872166
5,AF7,Alpha,0.078532,0.185393
5,AFz,Alpha,0.046172,0.427119
5,F1,Alpha,0.039907,0.492534
5,F5,Alpha,-0.000952,0.986945
5,FT7,Alpha,-0.012321,0.832537
5,FC3,Alpha,0.066339,0.253606
5,C1,Alpha,0.094484,0.103561
5,C5,Alpha,0.014686,0.800682
5,TP7,Alpha,-0.005632,0.922872
5,P1,Alpha,-0.027870,0.631813
5,P5,Alpha,0.060233,0.300033
5,PO7,Alpha,0.049895,0.390764
5,PO3,Alpha,0.061212,0.292238
5,POz,Alpha,0.069822,0.229473
5,PO4,Alpha,0.018856,0.745813
5,PO8,Alpha,0.030795,0.596463
5,P6,Alpha,0.009649,0.868255
5,P2,Alpha,0.009354,0.872255
5,CPz,Alpha,0.042672,0.463026
5,TP8,Alpha,-0.096950,0.094816
5,C6,Alpha,0.126896,0.028778
5,C2,Alpha,0.071671,0.217343
5,FC4,Alpha,0.069251,0.233314
5,FT8,Alpha,0.075052,0.197885
5,F6,Alpha,-0.035534,0.541184
5,AF8,Alpha,-0.008760,0.880307
5,F2,Alpha,0.056340,0.332417
6,Fp1,Alpha,-0.241363,0.000136
6,Fz,Alpha,-0.082784,0.154706
6,F3,Alpha,-0.180009,0.001979
6,F7,Alpha,-0.164693,0.005158
6,FC5,Alpha,0.020973,0.724422
6,FC1,Alpha,-0.078599,0.175986
6,C3,Alpha,0.012545,0.829250
6,T7,Alpha,-0.037035,0.527043
6,CP5,Alpha,-0.020052,0.730736
6,CP1,Alpha,-0.103417,0.074663
6,Pz,Alpha,-0.069137,0.234088
6,P3,Alpha,-0.037148,0.522959
6,P7,Alpha,0.015859,0.785128
6,O1,Alpha,-0.012776,0.826163
6,Oz,Alpha,0.061860,0.287147
6,O2,Alpha,0.078217,0.179577
6,P4,Alpha,-0.037133,0.523121
6,P8,Alpha,-0.030259,0.602876
6,CP6,Alpha,-0.003378,0.953697
6,CP2,Alpha,-0.109572,0.058859
6,Cz,Alpha,-0.107903,0.063740
6,C4,Alpha,-0.027728,0.633550
6,T8,Alpha,0.088037,0.129439
6,FC6,Alpha,-0.042552,0.467330
6,FC2,Alpha,-0.130330,0.025186
6,F4,Alpha,-0.234676,0.000047
6,F8,Alpha,-0.263899,0.000006
6,Fp2,Alpha,-0.191239,0.001562
6,AF7,Alpha,-0.283807,0.000002
6,AFz,Alpha,-0.219379,0.000146
6,F1,Alpha,-0.149468,0.010020
6,F5,Alpha,-0.131692,0.025423
6,FT7,Alpha,-0.122369,0.035982
6,FC3,Alpha,-0.051064,0.385451
6,C1,Alpha,-0.025665,0.659568
6,C5,Alpha,0.078846,0.176094
6,TP7,Alpha,-0.018279,0.753332
6,P1,Alpha,-0.069953,0.228598
6,P5,Alpha,-0.031673,0.586027
6,PO7,Alpha,0.037064,0.523900
6,PO3,Alpha,-0.002351,0.967768
6,POz,Alpha,-0.006194,0.915210
6,PO4,Alpha,0.057538,0.322223
6,PO8,Alpha,0.042425,0.465624
6,P6,Alpha,0.000809,0.988929
6,P2,Alpha,-0.095201,0.100955
6,CPz,Alpha,-0.078366,0.178010
6,TP8,Alpha,-0.044928,0.439699
6,C6,Alpha,0.083786,0.149069
6,C2,Alpha,-0.088357,0.130002
6,FC4,Alpha,-0.234205,0.000047
6,FT8,Alpha,0.095555,0.102008
6,F6,Alpha,-0.194953,0.000845
6,AF8,Alpha,-0.141327,0.017564
6,F2,Alpha,-0.183270,0.001486
7,Fp1,Alpha,0.031775,0.661730
7,Fz,Alpha,0.190330,0.007539
7,F3,Alpha,0.194417,0.006460
7,F7,Alpha,0.013707,0.853489
7,FC5,Alpha,0.175906,0.013656
7,FC1,Alpha,0.236982,0.000825
7,C3,Alpha,0.148531,0.037739
7,T7,Alpha,0.145374,0.042584
7,CP5,Alpha,0.169477,0.017563
7,CP1,Alpha,0.031749,0.658667
7,Pz,Alpha,0.138969,0.052070
7,P3,Alpha,0.192213,0.006955
7,P7,Alpha,0.041593,0.564733
7,O1,Alpha,0.083706,0.243437
7,Oz,Alpha,-0.062943,0.380797
7,O2,Alpha,-0.097279,0.174968
7,P4,Alpha,0.181472,0.010911
7,P8,Alpha,0.122913,0.086108
7,CP6,Alpha,0.313229,0.000008
7,CP2,Alpha,0.043528,0.544659
7,Cz,Alpha,0.078099,0.276569
7,C4,Alpha,0.209740,0.003173
7,T8,Alpha,0.285068,0.000054
7,FC6,Alpha,0.243851,0.000573
7,FC2,Alpha,0.143414,0.044928
7,F4,Alpha,0.192162,0.006971
7,F8,Alpha,0.172239,0.016051
7,Fp2,Alpha,0.017256,0.811739
7,AF7,Alpha,0.078404,0.319823
7,AFz,Alpha,0.164827,0.020964
7,F1,Alpha,0.201901,0.004648
7,F5,Alpha,0.157043,0.027935
7,FT7,Alpha,0.088653,0.216593
7,FC3,Alpha,0.197138,0.005614
7,C1,Alpha,0.064853,0.367722
7,C5,Alpha,0.153321,0.031916
7,TP7,Alpha,0.083525,0.244464
7,P1,Alpha,0.165880,0.020148
7,P5,Alpha,0.250330,0.000416
7,PO7,Alpha,0.104019,0.147859
7,PO3,Alpha,0.195851,0.005940
7,POz,Alpha,0.099558,0.165029
7,PO4,Alpha,0.189593,0.007779
7,PO8,Alpha,0.025580,0.722614
7,P6,Alpha,0.186495,0.008865
7,P2,Alpha,0.193205,0.006664
7,CPz,Alpha,0.112492,0.116461
7,TP8,Alpha,0.250497,0.000398
7,C6,Alpha,0.309191,0.000010
7,C2,Alpha,0.088931,0.215151
7,FC4,Alpha,0.170752,0.016719
7,FT8,Alpha,0.199399,0.005195
7,F6,Alpha,0.114310,0.112497
7,AF8,Alpha,0.132008,0.084309
7,F2,Alpha,0.208629,0.003341
8,Fp1,Alpha,0.148570,0.010885
8,Fz,Alpha,0.027826,0.634665
8,F3,Alpha,0.231799,0.000076
8,F7,Alpha,0.116110,0.048220
8,FC5,Alpha,0.065960,0.262043
8,FC1,Alpha,0.059778,0.307007
8,C3,Alpha,-0.039524,0.499627
8,T7,Alpha,-0.058204,0.319942
8,CP5,Alpha,0.056665,0.332920
8,CP1,Alpha,0.080833,0.167592
8,Pz,Alpha,0.162990,0.005086
8,P3,Alpha,0.128325,0.027803
8,P7,Alpha,0.146945,0.011795
8,O1,Alpha,0.024604,0.674385
8,Oz,Alpha,0.006902,0.906357
8,O2,Alpha,0.002765,0.962475
8,P4,Alpha,0.085483,0.144384
8,P8,Alpha,-0.004121,0.944008
8,CP6,Alpha,0.061076,0.298267
8,CP2,Alpha,0.169479,0.003560
8,Cz,Alpha,0.072509,0.215119
8,C4,Alpha,0.168256,0.003812
8,T8,Alpha,-0.027520,0.640124
8,FC6,Alpha,0.059169,0.316151
8,FC2,Alpha,0.095403,0.102559
8,F4,Alpha,0.151978,0.009668
8,F8,Alpha,-0.018312,0.760306
8,Fp2,Alpha,0.079666,0.196936
8,AF7,Alpha,0.139380,0.018357
8,AFz,Alpha,0.222483,0.000130
8,F1,Alpha,0.226531,0.000092
8,F5,Alpha,0.176890,0.002925
8,FT7,Alpha,0.110084,0.059836
8,FC3,Alpha,0.049899,0.393953
8,C1,Alpha,0.028335,0.628474
8,C5,Alpha,-0.047757,0.415398
8,TP7,Alpha,0.037953,0.516840
8,P1,Alpha,0.069619,0.234013
8,P5,Alpha,0.149002,0.010520
8,PO7,Alpha,0.049050,0.402060
8,PO3,Alpha,0.104588,0.073361
8,POz,Alpha,0.101103,0.083523
8,PO4,Alpha,0.090377,0.122055
8,PO8,Alpha,0.001240,0.983108
8,P6,Alpha,0.051067,0.383780
8,P2,Alpha,0.123362,0.034802
8,CPz,Alpha,0.126956,0.029807
8,TP8,Alpha,-0.124446,0.036739
8,C6,Alpha,0.048949,0.404650
8,C2,Alpha,0.089470,0.125860
8,FC4,Alpha,0.128296,0.028380
8,FT8,Alpha,-0.006887,0.910990
8,F6,Alpha,0.129015,0.031522
8,AF8,Alpha,0.070120,0.286472
8,F2,Alpha,0.074507,0.203487
9,Fp1,Alpha,0.003323,0.958471
9,Fz,Alpha,0.089702,0.158188
9,F3,Alpha,0.053327,0.402116
9,F7,Alpha,0.060954,0.339099
9,FC5,Alpha,0.157656,0.012744
9,FC1,Alpha,0.106874,0.092417
9,C3,Alpha,0.117928,0.063169
9,T7,Alpha,0.071097,0.263708
9,CP5,Alpha,0.072712,0.252990
9,CP1,Alpha,0.056643,0.373447
9,Pz,Alpha,0.040535,0.524339
9,P3,Alpha,0.046858,0.461679
9,P7,Alpha,0.103420,0.103504
9,O1,Alpha,0.049910,0.432985
9,Oz,Alpha,0.032674,0.607866
9,O2,Alpha,0.065362,0.304279
9,P4,Alpha,0.113539,0.073714
9,P8,Alpha,0.114587,0.071075
9,CP6,Alpha,0.195106,0.001981
9,CP2,Alpha,-0.073636,0.246995
9,Cz,Alpha,0.104830,0.099543
9,C4,Alpha,0.022646,0.722140
9,T8,Alpha,0.114792,0.070566
9,FC6,Alpha,0.112643,0.076034
9,FC2,Alpha,0.084684,0.182873
9,F4,Alpha,0.063794,0.317031
9,F8,Alpha,-0.002498,0.968717
9,Fp2,Alpha,-0.070196,0.277740
9,AF7,Alpha,0.042849,0.500916
9,AFz,Alpha,0.052513,0.409347
9,F1,Alpha,0.030190,0.635424
9,F5,Alpha,0.039817,0.531721
9,FT7,Alpha,0.031910,0.616286
9,FC3,Alpha,0.159405,0.011774
9,C1,Alpha,0.109062,0.085899
9,C5,Alpha,0.052194,0.412207
9,TP7,Alpha,-0.049843,0.433601
9,P1,Alpha,0.036922,0.561990
9,P5,Alpha,0.083308,0.190115
9,PO7,Alpha,0.105010,0.098277
9,PO3,Alpha,0.049471,0.437052
9,POz,Alpha,0.039212,0.537971
9,PO4,Alpha,0.070327,0.268932
9,PO8,Alpha,0.067091,0.291636
9,P6,Alpha,0.099310,0.118038
9,P2,Alpha,0.070732,0.266178
9,CPz,Alpha,0.024243,0.703446
9,TP8,Alpha,0.139163,0.028121
9,C6,Alpha,0.153191,0.015544
9,C2,Alpha,0.118364,0.062194
9,FC4,Alpha,0.066978,0.292455
9,FT8,Alpha,0.063074,0.321554
9,F6,Alpha,0.064412,0.312360
9,AF8,Alpha,-0.068951,0.283361
9,F2,Alpha,0.043183,0.497578
10,Fp1,Alpha,0.068669,0.288354
10,Fz,Alpha,0.056034,0.387463
10,F3,Alpha,0.045932,0.478796
10,F7,Alpha,-0.026788,0.679042
10,FC5,Alpha,0.009994,0.877587
10,FC1,Alpha,0.054057,0.403474
10,C3,Alpha,0.021728,0.737180
10,T7,Alpha,-0.029232,0.651596
10,CP5,Alpha,-0.111204,0.085595
10,CP1,Alpha,0.153260,0.017268
10,Pz,Alpha,0.084618,0.190485
10,P3,Alpha,0.098813,0.126074
10,P7,Alpha,0.057091,0.377557
10,O1,Alpha,0.098618,0.126827
10,Oz,Alpha,0.095632,0.138798
10,O2,Alpha,0.039040,0.546411
10,P4,Alpha,-0.002818,0.965291
10,P8,Alpha,-0.038442,0.553416
10,CP6,Alpha,0.026071,0.687789
10,CP2,Alpha,0.131769,0.040964
10,Cz,Alpha,0.063205,0.328532
10,C4,Alpha,0.150386,0.020021
10,T8,Alpha,0.111153,0.086401
10,FC6,Alpha,0.150298,0.020627
10,FC2,Alpha,0.113781,0.077916
10,F4,Alpha,0.078195,0.228447
10,F8,Alpha,0.197202,0.002241
10,Fp2,Alpha,0.096516,0.140181
10,AF7,Alpha,0.037349,0.565582
10,AFz,Alpha,0.092601,0.151813
10,F1,Alpha,0.129940,0.043876
10,F5,Alpha,0.018901,0.771284
10,FT7,Alpha,-0.019160,0.767758
10,FC3,Alpha,0.038636,0.551409
10,C1,Alpha,0.006926,0.914819
10,C5,Alpha,-0.071024,0.272101
10,TP7,Alpha,0.038513,0.552678
10,P1,Alpha,0.173363,0.007100
10,P5,Alpha,-0.005249,0.935532
10,PO7,Alpha,0.055260,0.393069
10,PO3,Alpha,0.122351,0.057873
10,POz,Alpha,0.044450,0.492212
10,PO4,Alpha,0.100633,0.119216
10,PO8,Alpha,0.016686,0.796635
10,P6,Alpha,-0.045371,0.483271
10,P2,Alpha,0.091862,0.155122
10,CPz,Alpha,0.086979,0.178363
10,TP8,Alpha,0.045261,0.484337
10,C6,Alpha,0.105292,0.104426
10,C2,Alpha,0.136697,0.033918
10,FC4,Alpha,0.124762,0.053574
10,FT8,Alpha,0.157076,0.015284
10,F6,Alpha,0.112109,0.086373
10,AF8,Alpha,0.113440,0.095553
10,F2,Alpha,0.091853,0.156030
11,Fp1,Alpha,0.034880,0.554124
11,Fz,Alpha,0.075219,0.200748
11,F3,Alpha,0.015724,0.789753
11,F7,Alpha,0.040500,0.496637
11,FC5,Alpha,0.065060,0.278813
11,FC1,Alpha,0.041255,0.482533
11,C3,Alpha,0.014421,0.809806
11,T7,Alpha,-0.012243,0.835821
11,CP5,Alpha,0.062728,0.288712
11,CP1,Alpha,-0.011014,0.851848
11,Pz,Alpha,-0.018561,0.752961
11,P3,Alpha,0.100734,0.085734
11,P7,Alpha,0.068198,0.245351
11,O1,Alpha,0.010103,0.863749
11,Oz,Alpha,0.039189,0.508449
11,O2,Alpha,-0.043867,0.460724
11,P4,Alpha,0.114488,0.050652
11,P8,Alpha,-0.007564,0.897590
11,CP6,Alpha,0.039210,0.504511
11,CP2,Alpha,0.035860,0.541633
11,Cz,Alpha,-0.015831,0.788715
11,C4,Alpha,-0.030478,0.603976
11,T8,Alpha,-0.070689,0.250593
11,FC6,Alpha,0.047985,0.422151
11,FC2,Alpha,-0.006772,0.908583
11,F4,Alpha,0.048186,0.412828
11,F8,Alpha,-0.055620,0.350350
11,Fp2,Alpha,0.020847,0.724157
11,AF7,Alpha,0.009150,0.876497
11,AFz,Alpha,0.058398,0.320831
11,F1,Alpha,-0.022820,0.699771
11,F5,Alpha,0.063764,0.279129
11,FT7,Alpha,0.030380,0.612723
11,FC3,Alpha,0.046578,0.441708
11,C1,Alpha,-0.055833,0.341748
11,C5,Alpha,0.132490,0.028913
11,TP7,Alpha,0.053563,0.362591
11,P1,Alpha,0.066299,0.258774
11,P5,Alpha,0.035533,0.546721
11,PO7,Alpha,0.073883,0.211265
11,PO3,Alpha,0.112065,0.055776
11,POz,Alpha,0.009286,0.875107
11,PO4,Alpha,0.108502,0.064083
11,PO8,Alpha,0.059109,0.314126
11,P6,Alpha,0.083205,0.156142
11,P2,Alpha,0.072114,0.219222
11,CPz,Alpha,-0.110728,0.059219
11,TP8,Alpha,-0.069285,0.241156
11,C6,Alpha,0.023153,0.697121
11,C2,Alpha,0.013238,0.822692
11,FC4,Alpha,0.041389,0.484149
11,FT8,Alpha,-0.072083,0.235191
11,F6,Alpha,0.065331,0.267463
11,AF8,Alpha,0.003429,0.953636
11,F2,Alpha,0.081131,0.167489
12,Fp1,Alpha,-0.109289,0.148774
12,Fz,Alpha,0.098798,0.184533
12,F3,Alpha,0.030066,0.693704
12,F7,Alpha,-0.072257,0.349074
12,FC5,Alpha,-0.089678,0.253471
12,FC1,Alpha,0.178309,0.016325
12,C3,Alpha,0.065790,0.384286
12,T7,Alpha,-0.044185,0.587594
12,CP5,Alpha,0.094683,0.208699
12,CP1,Alpha,0.062336,0.403165
12,Pz,Alpha,0.010310,0.890138
12,P3,Alpha,-0.155251,0.038520
12,P7,Alpha,0.010150,0.893336
12,O1,Alpha,-0.022897,0.760949
12,Oz,Alpha,0.017987,0.812173
12,O2,Alpha,-0.061414,0.420800
12,P4,Alpha,-0.004321,0.954092
12,P8,Alpha,0.035533,0.642561
12,CP6,Alpha,0.160340,0.034037
12,CP2,Alpha,-0.030578,0.684501
12,Cz,Alpha,0.046670,0.536179
12,C4,Alpha,0.023061,0.757969
12,T8,Alpha,-0.010604,0.888911
12,FC6,Alpha,0.028187,0.718481
12,FC2,Alpha,0.046134,0.538579
12,F4,Alpha,-0.112148,0.141828
12,F8,Alpha,-0.070149,0.381119
12,Fp2,Alpha,-0.169899,0.030141
12,AF7,Alpha,-0.098346,0.201988
12,AFz,Alpha,-0.086030,0.259013
12,F1,Alpha,0.053314,0.478446
12,F5,Alpha,-0.039080,0.617147
12,FT7,Alpha,-0.096081,0.225346
12,FC3,Alpha,0.112386,0.134175
12,C1,Alpha,0.070462,0.348616
12,C5,Alpha,-0.051420,0.509294
12,TP7,Alpha,-0.032294,0.678652
12,P1,Alpha,-0.085790,0.253513
12,P5,Alpha,-0.059664,0.428878
12,PO7,Alpha,-0.022043,0.771524
12,PO3,Alpha,-0.076792,0.304186
12,POz,Alpha,-0.015786,0.834805
12,PO4,Alpha,0.012286,0.870333
12,PO8,Alpha,0.018970,0.801553
12,P6,Alpha,0.137675,0.066861
12,P2,Alpha,0.036828,0.621601
12,CPz,Alpha,0.017336,0.817332
12,TP8,Alpha,0.043141,0.575298
12,C6,Alpha,0.084995,0.262040
12,C2,Alpha,-0.014173,0.849805
12,FC4,Alpha,-0.002445,0.974312
12,FT8,Alpha,0.031436,0.690364
12,F6,Alpha,-0.092203,0.241756
12,AF8,Alpha,-0.125081,0.129840
12,F2,Alpha,-0.006490,0.930899
13,Fp1,Alpha,0.063161,0.285390
13,Fz,Alpha,0.084627,0.151287
13,F3,Alpha,0.050702,0.390481
13,F7,Alpha,0.123821,0.035705
13,FC5,Alpha,0.123544,0.036124
13,FC1,Alpha,0.239250,0.000040
13,C3,Alpha,0.170053,0.003737
13,T7,Alpha,0.198538,0.000703
13,CP5,Alpha,0.137218,0.019614
13,CP1,Alpha,0.243211,0.000029
13,Pz,Alpha,0.106637,0.070275
13,P3,Alpha,0.113833,0.053229
13,P7,Alpha,0.205988,0.000424
13,O1,Alpha,0.095226,0.107430
13,Oz,Alpha,0.145265,0.013439
13,O2,Alpha,0.205700,0.000432
13,P4,Alpha,0.218548,0.000181
13,P8,Alpha,0.220307,0.000160
13,CP6,Alpha,0.232549,0.000068
13,CP2,Alpha,0.201968,0.000552
13,Cz,Alpha,0.173796,0.003085
13,C4,Alpha,0.268265,0.000004
13,T8,Alpha,0.202755,0.000536
13,FC6,Alpha,0.215177,0.000234
13,FC2,Alpha,0.150592,0.010359
13,F4,Alpha,0.124985,0.033681
13,F8,Alpha,0.210651,0.000326
13,Fp2,Alpha,0.107096,0.072044
13,AF7,Alpha,0.083553,0.158749
13,AFz,Alpha,0.061202,0.299787
13,F1,Alpha,0.067543,0.253222
13,F5,Alpha,0.065009,0.270668
13,FT7,Alpha,0.147084,0.012771
13,FC3,Alpha,0.100077,0.089471
13,C1,Alpha,0.266718,0.000004
13,C5,Alpha,0.148637,0.011408
13,TP7,Alpha,0.198412,0.000693
13,P1,Alpha,0.162912,0.005669
13,P5,Alpha,0.136173,0.020575
13,PO7,Alpha,0.190071,0.001167
13,PO3,Alpha,0.212571,0.000273
13,POz,Alpha,0.250135,0.000017
13,PO4,Alpha,0.234524,0.000057
13,PO8,Alpha,0.207283,0.000389
13,P6,Alpha,0.197923,0.000715
13,P2,Alpha,0.196981,0.000759
13,CPz,Alpha,0.159800,0.006482
13,TP8,Alpha,0.127582,0.030131
13,C6,Alpha,0.234896,0.000055
13,C2,Alpha,0.260550,0.000008
13,FC4,Alpha,0.188164,0.001336
13,FT8,Alpha,0.228369,0.000097
13,F6,Alpha,0.149557,0.011043
13,AF8,Alpha,0.196978,0.000810
13,F2,Alpha,0.076377,0.195434
14,Fp1,Alpha,-0.010271,0.862215
14,Fz,Alpha,-0.020720,0.724407
14,F3,Alpha,0.029314,0.618477
14,F7,Alpha,0.051383,0.395143
14,FC5,Alpha,0.002044,0.972260
14,FC1,Alpha,0.011757,0.841437
14,C3,Alpha,-0.037056,0.528232
14,T7,Alpha,0.070947,0.228405
14,CP5,Alpha,-0.013236,0.821809
14,CP1,Alpha,-0.076979,0.189612
14,Pz,Alpha,-0.087312,0.136636
14,P3,Alpha,-0.050959,0.385609
14,P7,Alpha,0.066502,0.257315
14,O1,Alpha,0.131659,0.024453
14,Oz,Alpha,0.084548,0.149545
14,O2,Alpha,0.078889,0.178829
14,P4,Alpha,0.052315,0.373076
14,P8,Alpha,0.078228,0.183268
14,CP6,Alpha,-0.003236,0.956086
14,CP2,Alpha,-0.030552,0.603100
14,Cz,Alpha,0.087058,0.137785
14,C4,Alpha,-0.034128,0.561344
14,T8,Alpha,0.011836,0.841211
14,FC6,Alpha,0.001677,0.977480
14,FC2,Alpha,0.066734,0.255656
14,F4,Alpha,0.024460,0.678288
14,F8,Alpha,-0.052117,0.399937
14,Fp2,Alpha,-0.007496,0.899034
14,AF7,Alpha,-0.054436,0.385745
14,AFz,Alpha,-0.011802,0.841384
14,F1,Alpha,0.038427,0.513066
14,F5,Alpha,-0.002725,0.964250
14,FT7,Alpha,0.047761,0.424323
14,FC3,Alpha,0.046637,0.427230
14,C1,Alpha,0.007682,0.896012
14,C5,Alpha,-0.024230,0.680101
14,TP7,Alpha,0.168357,0.003974
14,P1,Alpha,-0.075657,0.198129
14,P5,Alpha,-0.016696,0.776341
14,PO7,Alpha,0.056616,0.335008
14,PO3,Alpha,0.004551,0.938274
14,POz,Alpha,0.053898,0.358767
14,PO4,Alpha,0.082957,0.157383
14,PO8,Alpha,0.041135,0.483806
14,P6,Alpha,0.077686,0.185569
14,P2,Alpha,-0.001826,0.975213
14,CPz,Alpha,-0.036504,0.534391
14,TP8,Alpha,0.013733,0.815236
14,C6,Alpha,0.005933,0.919594
14,C2,Alpha,0.029085,0.620616
14,FC4,Alpha,0.024443,0.677977
14,FT8,Alpha,0.003475,0.955617
14,F6,Alpha,0.005988,0.918992
14,AF8,Alpha,-0.040280,0.542438
14,F2,Alpha,0.003870,0.947495
15,Fp1,Alpha,-0.024521,0.675416
15,Fz,Alpha,-0.009618,0.869340
15,F3,Alpha,0.037081,0.525815
15,F7,Alpha,-0.003415,0.953822
15,FC5,Alpha,0.031318,0.592124
15,FC1,Alpha,0.066592,0.254215
15,C3,Alpha,0.194336,0.000792
15,T7,Alpha,0.039058,0.504708
15,CP5,Alpha,0.118682,0.041651
15,CP1,Alpha,0.097782,0.093669
15,Pz,Alpha,0.096854,0.096841
15,P3,Alpha,0.029243,0.616910
15,P7,Alpha,0.005015,0.931651
15,O1,Alpha,0.009916,0.865330
15,Oz,Alpha,0.034495,0.555105
15,O2,Alpha,0.028367,0.627504
15,P4,Alpha,0.132792,0.022536
15,P8,Alpha,0.042153,0.470757
15,CP6,Alpha,0.106111,0.068771
15,CP2,Alpha,0.110561,0.057868
15,Cz,Alpha,0.010189,0.861895
15,C4,Alpha,0.149575,0.010093
15,T8,Alpha,0.016378,0.779386
15,FC6,Alpha,0.027117,0.643892
15,FC2,Alpha,-0.002180,0.970255
15,F4,Alpha,-0.001645,0.977705
15,F8,Alpha,0.023297,0.699464
15,Fp2,Alpha,0.097558,0.100852
15,AF7,Alpha,-0.041971,0.481898
15,AFz,Alpha,0.000034,0.999537
15,F1,Alpha,0.083103,0.154521
15,F5,Alpha,0.022119,0.709049
15,FT7,Alpha,-0.000170,0.997693
15,FC3,Alpha,0.071995,0.217612
15,C1,Alpha,0.035484,0.543809
15,C5,Alpha,0.116359,0.045844
15,TP7,Alpha,0.056034,0.337518
15,P1,Alpha,0.019289,0.741455
15,P5,Alpha,0.023300,0.690227
15,PO7,Alpha,0.002497,0.965930
15,PO3,Alpha,0.000787,0.989255
15,POz,Alpha,0.024589,0.674053
15,PO4,Alpha,0.052160,0.372031
15,PO8,Alpha,0.029236,0.616992
15,P6,Alpha,0.096605,0.097706
15,P2,Alpha,0.075737,0.194576
15,CPz,Alpha,0.055265,0.344195
15,TP8,Alpha,0.068409,0.241456
15,C6,Alpha,0.053557,0.359339
15,C2,Alpha,0.095043,0.103276
15,FC4,Alpha,0.039529,0.499578
15,FT8,Alpha,-0.033767,0.564821
15,F6,Alpha,-0.015824,0.787728
15,AF8,Alpha,0.035069,0.588775
15,F2,Alpha,-0.008032,0.890739
16,Fp1,Alpha,0.152328,0.009754
16,Fz,Alpha,0.162213,0.005969
16,F3,Alpha,0.204301,0.000496
16,F7,Alpha,0.186187,0.001534
16,FC5,Alpha,0.143916,0.014680
16,FC1,Alpha,0.152918,0.009471
16,C3,Alpha,0.073786,0.212672
16,T7,Alpha,0.165081,0.005052
16,CP5,Alpha,0.077214,0.192123
16,CP1,Alpha,0.158641,0.007084
16,Pz,Alpha,0.165091,0.005049
16,P3,Alpha,0.127362,0.031004
16,P7,Alpha,0.082354,0.164089
16,O1,Alpha,0.161103,0.006418
16,Oz,Alpha,0.159458,0.007089
16,O2,Alpha,0.093503,0.113972
16,P4,Alpha,0.074962,0.205452
16,P8,Alpha,0.092184,0.119184
16,CP6,Alpha,0.146844,0.012761
16,CP2,Alpha,0.094778,0.109101
16,Cz,Alpha,0.141413,0.016517
16,C4,Alpha,0.106186,0.072473
16,T8,Alpha,0.141657,0.016329
16,FC6,Alpha,0.118909,0.044135
16,FC2,Alpha,0.138793,0.018650
16,F4,Alpha,0.141956,0.016290
16,F8,Alpha,0.132772,0.024484
16,Fp2,Alpha,0.080375,0.181467
16,AF7,Alpha,0.153038,0.009414
16,AFz,Alpha,0.118026,0.045745
16,F1,Alpha,0.149203,0.011380
16,F5,Alpha,0.205740,0.000452
16,FT7,Alpha,0.164863,0.005111
16,FC3,Alpha,0.107450,0.069119
16,C1,Alpha,0.140151,0.017516
16,C5,Alpha,0.124357,0.035228
16,TP7,Alpha,0.114908,0.051821
16,P1,Alpha,0.176052,0.002763
16,P5,Alpha,0.132498,0.024783
16,PO7,Alpha,0.138328,0.019054
16,PO3,Alpha,0.129845,0.027847
16,POz,Alpha,0.140530,0.017408
16,PO4,Alpha,0.110197,0.062268
16,PO8,Alpha,0.055464,0.349152
16,P6,Alpha,0.068951,0.244267
16,P2,Alpha,0.065144,0.271348
16,CPz,Alpha,0.127454,0.030882
16,TP8,Alpha,0.098769,0.094912
16,C6,Alpha,0.150516,0.010670
16,C2,Alpha,0.108115,0.067407
16,FC4,Alpha,0.139914,0.017710
16,FT8,Alpha,0.150653,0.010598
16,F6,Alpha,0.148246,0.012226
16,AF8,Alpha,0.118763,0.045919
16,F2,Alpha,0.160571,0.006503
17,Fp1,Alpha,0.107949,0.102473
17,Fz,Alpha,0.042507,0.521242
17,F3,Alpha,-0.011041,0.867733
17,F7,Alpha,0.096674,0.144742
17,FC5,Alpha,-0.012913,0.845574
17,FC1,Alpha,0.074791,0.258617
17,C3,Alpha,0.021063,0.750684
17,T7,Alpha,-0.052236,0.430451
17,CP5,Alpha,-0.071526,0.280047
17,CP1,Alpha,0.112737,0.088032
17,Pz,Alpha,0.187853,0.004251
17,P3,Alpha,0.139453,0.034539
17,P7,Alpha,0.065566,0.322174
17,O1,Alpha,0.212524,0.001214
17,Oz,Alpha,0.162841,0.013410
17,O2,Alpha,0.214318,0.001073
17,P4,Alpha,0.179199,0.006431
17,P8,Alpha,0.192730,0.003411
17,CP6,Alpha,0.094304,0.153988
17,CP2,Alpha,0.103488,0.117553
17,Cz,Alpha,0.188221,0.004175
17,C4,Alpha,0.073860,0.264611
17,T8,Alpha,-0.038218,0.564169
17,FC6,Alpha,-0.035433,0.592922
17,FC2,Alpha,0.012722,0.847829
17,F4,Alpha,0.076522,0.247728
17,F8,Alpha,-0.011363,0.865099
17,Fp2,Alpha,0.049803,0.456267
17,AF7,Alpha,0.121402,0.066075
17,AFz,Alpha,0.014793,0.823434
17,F1,Alpha,0.050684,0.444289
17,F5,Alpha,-0.043329,0.513214
17,FT7,Alpha,0.043529,0.511264
17,FC3,Alpha,0.018479,0.780439
17,C1,Alpha,0.148574,0.024229
17,C5,Alpha,-0.041568,0.530500
17,TP7,Alpha,-0.091873,0.164934
17,P1,Alpha,0.164372,0.012551
17,P5,Alpha,0.134250,0.041940
17,PO7,Alpha,0.218374,0.000856
17,PO3,Alpha,0.247445,0.000150
17,POz,Alpha,0.162145,0.013818
17,PO4,Alpha,0.186661,0.004505
17,PO8,Alpha,0.285726,0.000011
17,P6,Alpha,0.272267,0.000028
17,P2,Alpha,0.177360,0.007006
17,CPz,Alpha,0.192731,0.003340
17,TP8,Alpha,0.077767,0.240093
17,C6,Alpha,0.014088,0.831718
17,C2,Alpha,0.047212,0.476155
17,FC4,Alpha,-0.045177,0.495390
17,FT8,Alpha,0.036504,0.581787
17,F6,Alpha,0.091664,0.172564
17,AF8,Alpha,0.035944,0.594235
17,F2,Alpha,0.057308,0.386984
18,Fp1,Alpha,0.039157,0.522516
18,Fz,Alpha,0.132769,0.025253
18,F3,Alpha,0.049970,0.403188
18,F7,Alpha,0.039281,0.558659
18,FC5,Alpha,0.114437,0.055798
18,FC1,Alpha,0.097302,0.101752
18,C3,Alpha,-0.012186,0.837997
18,T7,Alpha,0.057540,0.338274
18,CP5,Alpha,0.102190,0.086726
18,CP1,Alpha,0.085399,0.151889
18,Pz,Alpha,0.221929,0.000163
18,P3,Alpha,0.105837,0.075473
18,P7,Alpha,0.063632,0.286066
18,O1,Alpha,0.157245,0.007936
18,Oz,Alpha,0.109672,0.064945
18,O2,Alpha,0.147488,0.012840
18,P4,Alpha,0.235332,0.000064
18,P8,Alpha,0.169148,0.004255
18,CP6,Alpha,0.147368,0.012914
18,CP2,Alpha,0.156100,0.008409
18,Cz,Alpha,0.073686,0.215720
18,C4,Alpha,0.154930,0.008917
18,T8,Alpha,0.071828,0.229214
18,FC6,Alpha,0.112028,0.059811
18,FC2,Alpha,0.095923,0.106719
18,F4,Alpha,0.051045,0.392291
18,F8,Alpha,-0.045459,0.465479
18,Fp2,Alpha,0.036234,0.548884
18,AF7,Alpha,0.031307,0.643442
18,AFz,Alpha,0.090791,0.127577
18,F1,Alpha,0.135487,0.022870
18,F5,Alpha,0.104607,0.085651
18,FT7,Alpha,0.067188,0.267722
18,FC3,Alpha,0.015423,0.795803
18,C1,Alpha,0.023984,0.687351
18,C5,Alpha,0.067947,0.256278
18,TP7,Alpha,0.071586,0.229954
18,P1,Alpha,0.204118,0.000550
18,P5,Alpha,0.090367,0.130056
18,PO7,Alpha,0.133988,0.023930
18,PO3,Alpha,0.154227,0.009235
18,POz,Alpha,0.167091,0.004753
18,PO4,Alpha,0.212165,0.000317
18,PO8,Alpha,0.191833,0.001183
18,P6,Alpha,0.193763,0.001030
18,P2,Alpha,0.228820,0.000100
18,CPz,Alpha,0.199493,0.000738
18,TP8,Alpha,0.124315,0.036270
18,C6,Alpha,0.099157,0.097146
18,C2,Alpha,0.140477,0.017851
18,FC4,Alpha,0.052819,0.375179
18,FT8,Alpha,-0.014923,0.807521
18,F6,Alpha,-0.014885,0.809062
18,AF8,Alpha,-0.001382,0.982201
18,F2,Alpha,0.045637,0.443624
19,Fp1,Alpha,0.026563,0.653497
19,Fz,Alpha,0.125314,0.032304
19,F3,Alpha,0.097570,0.096668
19,F7,Alpha,-0.012578,0.837302
19,FC5,Alpha,0.049570,0.397894
19,FC1,Alpha,0.190918,0.001043
19,C3,Alpha,0.052247,0.372869
19,T7,Alpha,0.060454,0.303218
19,CP5,Alpha,0.041359,0.480666
19,CP1,Alpha,0.047397,0.418926
19,Pz,Alpha,0.057487,0.326779
19,P3,Alpha,0.089374,0.126921
19,P7,Alpha,0.112650,0.054085
19,O1,Alpha,0.112647,0.056205
19,Oz,Alpha,0.068711,0.246744
19,O2,Alpha,0.111236,0.057624
19,P4,Alpha,0.137959,0.018143
19,P8,Alpha,0.156761,0.007178
19,CP6,Alpha,0.137526,0.018512
19,CP2,Alpha,0.134854,0.021164
19,Cz,Alpha,0.148442,0.011092
19,C4,Alpha,0.046866,0.424954
19,T8,Alpha,0.108663,0.063231
19,FC6,Alpha,0.075965,0.196302
19,FC2,Alpha,0.112428,0.055403
19,F4,Alpha,0.047456,0.418346
19,F8,Alpha,-0.000958,0.987021
19,Fp2,Alpha,0.023248,0.696965
19,AF7,Alpha,0.033964,0.563900
19,AFz,Alpha,0.049449,0.399044
19,F1,Alpha,0.107973,0.065399
19,F5,Alpha,0.061419,0.302326
19,FT7,Alpha,0.046523,0.428353
19,FC3,Alpha,0.139941,0.016719
19,C1,Alpha,0.143275,0.014101
19,C5,Alpha,0.013072,0.823688
19,TP7,Alpha,0.074174,0.205524
19,P1,Alpha,0.053098,0.365122
19,P5,Alpha,0.098630,0.091955
19,PO7,Alpha,0.119523,0.040905
19,PO3,Alpha,0.128445,0.027925
19,POz,Alpha,0.056522,0.334977
19,PO4,Alpha,0.095823,0.101635
19,PO8,Alpha,0.153829,0.008462
19,P6,Alpha,0.171485,0.003233
19,P2,Alpha,0.105147,0.072316
19,CPz,Alpha,0.120531,0.039221
19,TP8,Alpha,0.163047,0.005146
19,C6,Alpha,0.040890,0.485658
19,C2,Alpha,0.122301,0.037055
19,FC4,Alpha,0.130812,0.025143
19,FT8,Alpha,0.116243,0.047193
19,F6,Alpha,0.053010,0.366749
19,AF8,Alpha,0.101420,0.083082
19,F2,Alpha,0.075928,0.196522
20,Fp1,Alpha,0.221111,0.000257
20,Fz,Alpha,0.143916,0.017974
20,F3,Alpha,0.146893,0.016103
20,F7,Alpha,0.192714,0.001464
20,FC5,Alpha,0.152398,0.013004
20,FC1,Alpha,0.139679,0.021688
20,C3,Alpha,0.197154,0.001152
20,T7,Alpha,0.128859,0.034313
20,CP5,Alpha,0.104956,0.085185
20,CP1,Alpha,0.205904,0.000664
20,Pz,Alpha,0.184444,0.002344
20,P3,Alpha,0.082888,0.174463
20,P7,Alpha,-0.046001,0.453289
20,O1,Alpha,0.141635,0.019898
20,Oz,Alpha,0.071815,0.240439
20,O2,Alpha,0.025941,0.671309
20,P4,Alpha,0.097523,0.109857
20,P8,Alpha,0.002425,0.968368
20,CP6,Alpha,0.127135,0.036814
20,CP2,Alpha,0.191922,0.001532
20,Cz,Alpha,0.094327,0.122054
20,C4,Alpha,0.168464,0.005517
20,T8,Alpha,0.038537,0.535376
20,FC6,Alpha,0.220405,0.000292
20,FC2,Alpha,0.146751,0.015811
20,F4,Alpha,0.241134,0.000069
20,F8,Alpha,0.187205,0.002688
20,Fp2,Alpha,0.052920,0.405726
20,AF7,Alpha,0.246904,0.000041
20,AFz,Alpha,0.212972,0.000436
20,F1,Alpha,0.164097,0.006993
20,F5,Alpha,0.238024,0.000091
20,FT7,Alpha,0.131808,0.030996
20,FC3,Alpha,0.201306,0.000919
20,C1,Alpha,0.141237,0.020252
20,C5,Alpha,0.163556,0.007077
20,TP7,Alpha,0.059547,0.333312
20,P1,Alpha,0.163292,0.007171
20,P5,Alpha,0.036638,0.550384
20,PO7,Alpha,0.081417,0.182262
20,PO3,Alpha,0.109832,0.071577
20,POz,Alpha,0.117252,0.054310
20,PO4,Alpha,0.037877,0.535441
20,PO8,Alpha,-0.009411,0.877665
20,P6,Alpha,0.014262,0.815552
20,P2,Alpha,0.184558,0.002329
20,CPz,Alpha,0.177097,0.003505
20,TP8,Alpha,-0.001822,0.976276
20,C6,Alpha,0.134856,0.027282
20,C2,Alpha,0.142300,0.019320
20,FC4,Alpha,0.174146,0.004102
20,FT8,Alpha,0.166496,0.006495
20,F6,Alpha,0.235719,0.000095
20,AF8,Alpha,0.138565,0.026630
20,F2,Alpha,0.207249,0.000610
21,Fp1,Alpha,0.006219,0.918079
21,Fz,Alpha,-0.011704,0.841081
21,F3,Alpha,0.034598,0.555278
21,F7,Alpha,-0.014568,0.808245
21,FC5,Alpha,-0.004427,0.939445
21,FC1,Alpha,0.001843,0.974814
21,C3,Alpha,-0.064249,0.269712
21,T7,Alpha,-0.015634,0.789157
21,CP5,Alpha,0.001971,0.973024
21,CP1,Alpha,-0.037984,0.514345
21,Pz,Alpha,-0.018221,0.754490
21,P3,Alpha,-0.036666,0.529058
21,P7,Alpha,-0.007294,0.900387
21,O1,Alpha,0.093014,0.109667
21,Oz,Alpha,0.042066,0.470917
21,O2,Alpha,0.091568,0.115942
21,P4,Alpha,0.028715,0.622093
21,P8,Alpha,0.006757,0.907687
21,CP6,Alpha,-0.006259,0.914465
21,CP2,Alpha,-0.036688,0.528820
21,Cz,Alpha,-0.044144,0.448500
21,C4,Alpha,0.061034,0.294460
21,T8,Alpha,0.010097,0.862425
21,FC6,Alpha,-0.034564,0.552958
21,FC2,Alpha,-0.005024,0.931291
21,F4,Alpha,-0.018004,0.758531
21,F8,Alpha,-0.008023,0.890865
21,Fp2,Alpha,0.008991,0.881798
21,AF7,Alpha,0.010310,0.861703
21,AFz,Alpha,0.036804,0.532462
21,F1,Alpha,-0.032482,0.579084
21,F5,Alpha,0.054819,0.348117
21,FT7,Alpha,0.003582,0.951323
21,FC3,Alpha,-0.013894,0.811532
21,C1,Alpha,-0.036093,0.535520
21,C5,Alpha,-0.021699,0.709582
21,TP7,Alpha,0.025910,0.657065
21,P1,Alpha,-0.071338,0.220276
21,P5,Alpha,0.085721,0.140545
21,PO7,Alpha,0.022188,0.703345
21,PO3,Alpha,0.000532,0.992717
21,POz,Alpha,0.042981,0.460553
21,PO4,Alpha,0.043093,0.459380
21,PO8,Alpha,0.044160,0.449101
21,P6,Alpha,-0.017206,0.767765
21,P2,Alpha,0.030844,0.596501
21,CPz,Alpha,-0.085398,0.142052
21,TP8,Alpha,-0.028819,0.620835
21,C6,Alpha,0.051101,0.380208
21,C2,Alpha,-0.010375,0.858679
21,FC4,Alpha,0.057632,0.322248
21,FT8,Alpha,0.029259,0.615512
21,F6,Alpha,-0.044657,0.443240
21,AF8,Alpha,0.038857,0.509831
21,F2,Alpha,-0.020192,0.730254
22,Fp1,Alpha,0.034891,0.549209
22,Fz,Alpha,0.103487,0.073975
22,F3,Alpha,0.063575,0.273159
22,F7,Alpha,0.046192,0.426145
22,FC5,Alpha,0.025007,0.667238
22,FC1,Alpha,0.130064,0.024502
22,C3,Alpha,0.067948,0.241452
22,T7,Alpha,-0.002145,0.970635
22,CP5,Alpha,0.123691,0.032510
22,CP1,Alpha,0.216839,0.000158
22,Pz,Alpha,0.245762,0.000017
22,P3,Alpha,0.138217,0.016781
22,P7,Alpha,0.121202,0.036194
22,O1,Alpha,0.096563,0.095586
22,Oz,Alpha,0.087489,0.131202
22,O2,Alpha,0.124647,0.031182
22,P4,Alpha,0.109270,0.059133
22,P8,Alpha,0.167508,0.003674
22,CP6,Alpha,0.115206,0.046920
22,CP2,Alpha,0.103320,0.074446
22,Cz,Alpha,0.168841,0.003408
22,C4,Alpha,0.065335,0.260073
22,T8,Alpha,0.101397,0.080035
22,FC6,Alpha,0.091607,0.114551
22,FC2,Alpha,0.139099,0.016089
22,F4,Alpha,0.076674,0.186098
22,F8,Alpha,0.099511,0.088527
22,Fp2,Alpha,0.156633,0.006650
22,AF7,Alpha,0.007575,0.896218
22,AFz,Alpha,0.098079,0.090470
22,F1,Alpha,0.107200,0.064136
22,F5,Alpha,-0.042411,0.469568
22,FT7,Alpha,0.021417,0.712726
22,FC3,Alpha,0.029026,0.617145
22,C1,Alpha,0.136337,0.018342
22,C5,Alpha,0.067818,0.242359
22,TP7,Alpha,0.093602,0.106247
22,P1,Alpha,0.180690,0.001706
22,P5,Alpha,0.155561,0.007037
22,PO7,Alpha,0.154539,0.007425
22,PO3,Alpha,0.118976,0.039785
22,POz,Alpha,0.136200,0.018659
22,PO4,Alpha,0.131542,0.022910
22,PO8,Alpha,0.133536,0.020903
22,P6,Alpha,0.173194,0.002656
22,P2,Alpha,0.185200,0.001296
22,CPz,Alpha,0.179821,0.001830
22,TP8,Alpha,0.176266,0.002220
22,C6,Alpha,0.162647,0.005029
22,C2,Alpha,0.133510,0.020928
22,FC4,Alpha,0.120468,0.038323
22,FT8,Alpha,0.090929,0.116654
22,F6,Alpha,0.036997,0.529597
22,AF8,Alpha,0.113783,0.055026
22,F2,Alpha,0.106634,0.065563
23,Fp1,Alpha,0.065566,0.264915
23,Fz,Alpha,0.034710,0.551281
23,F3,Alpha,0.174244,0.002718
23,F7,Alpha,0.087655,0.153977
23,FC5,Alpha,0.098900,0.095053
23,FC1,Alpha,0.032440,0.577630
23,C3,Alpha,-0.033128,0.569588
23,T7,Alpha,0.095589,0.103070
23,CP5,Alpha,0.025796,0.657391
23,CP1,Alpha,-0.050018,0.389597
23,Pz,Alpha,-0.047949,0.409527
23,P3,Alpha,0.016317,0.778722
23,P7,Alpha,-0.007788,0.893322
23,O1,Alpha,0.087258,0.132226
23,Oz,Alpha,0.104004,0.072537
23,O2,Alpha,0.085327,0.141709
23,P4,Alpha,0.080349,0.165815
23,P8,Alpha,0.049516,0.395175
23,CP6,Alpha,0.104229,0.072883
23,CP2,Alpha,-0.044588,0.443163
23,Cz,Alpha,-0.043602,0.452565
23,C4,Alpha,0.074223,0.200606
23,T8,Alpha,0.017891,0.760792
23,FC6,Alpha,0.040110,0.490336
23,FC2,Alpha,0.027148,0.641800
23,F4,Alpha,0.034301,0.554649
23,F8,Alpha,0.086095,0.140159
23,Fp2,Alpha,-0.012645,0.836150
23,AF7,Alpha,0.074284,0.216112
23,AFz,Alpha,0.022800,0.698027
23,F1,Alpha,0.038340,0.511134
23,F5,Alpha,0.182289,0.001667
23,FT7,Alpha,0.125787,0.031069
23,FC3,Alpha,0.072211,0.219396
23,C1,Alpha,-0.022116,0.703783
23,C5,Alpha,0.026870,0.645216
23,TP7,Alpha,0.080147,0.169772
23,P1,Alpha,0.007712,0.894707
23,P5,Alpha,-0.007092,0.903130
23,PO7,Alpha,0.071684,0.219611
23,PO3,Alpha,0.031689,0.585210
23,POz,Alpha,0.084175,0.146499
23,PO4,Alpha,0.078288,0.177705
23,PO8,Alpha,0.070991,0.220973
23,P6,Alpha,0.116447,0.044583
23,P2,Alpha,0.039019,0.502221
23,CPz,Alpha,-0.027968,0.630032
23,TP8,Alpha,0.004038,0.945226
23,C6,Alpha,0.063472,0.275560
23,C2,Alpha,0.057739,0.319712
23,FC4,Alpha,0.015759,0.787877
23,FT8,Alpha,0.013866,0.813488
23,F6,Alpha,0.035955,0.536401
23,AF8,Alpha,0.027631,0.637038
23,F2,Alpha,-0.027465,0.636771
24,Fp1,Alpha,0.326522,0.000000
24,Fz,Alpha,0.256224,0.000012
24,F3,Alpha,0.282276,0.000001
24,F7,Alpha,0.232751,0.000087
24,FC5,Alpha,0.210766,0.000348
24,FC1,Alpha,0.234114,0.000068
24,C3,Alpha,0.363070,0.000000
24,T7,Alpha,0.177889,0.002624
24,CP5,Alpha,0.249471,0.000021
24,CP1,Alpha,0.322590,0.000000
24,Pz,Alpha,0.295276,0.000000
24,P3,Alpha,0.229884,0.000092
24,P7,Alpha,0.076864,0.196520
24,O1,Alpha,0.122306,0.039420
24,Oz,Alpha,0.177470,0.002687
24,O2,Alpha,0.134843,0.023039
24,P4,Alpha,0.288412,0.000001
24,P8,Alpha,0.082193,0.167919
24,CP6,Alpha,0.236890,0.000059
24,CP2,Alpha,0.326883,0.000000
24,Cz,Alpha,0.181078,0.002188
24,C4,Alpha,0.272237,0.000003
24,T8,Alpha,0.163476,0.006021
24,FC6,Alpha,0.199051,0.000759
24,FC2,Alpha,0.252963,0.000016
24,F4,Alpha,0.328454,0.000000
24,F8,Alpha,0.265340,0.000007
24,Fp2,Alpha,0.321912,0.000000
24,AF7,Alpha,0.268853,0.000005
24,AFz,Alpha,0.332474,0.000000
24,F1,Alpha,0.311145,0.000000
24,F5,Alpha,0.287724,0.000001
24,FT7,Alpha,0.199871,0.000737
24,FC3,Alpha,0.246671,0.000026
24,C1,Alpha,0.334629,0.000000
24,C5,Alpha,0.242794,0.000040
24,TP7,Alpha,0.134150,0.023760
24,P1,Alpha,0.308480,0.000000
24,P5,Alpha,0.171429,0.003759
24,PO7,Alpha,0.051231,0.389728
24,PO3,Alpha,0.146795,0.013273
24,POz,Alpha,0.245554,0.000029
24,PO4,Alpha,0.178972,0.002468
24,PO8,Alpha,0.116546,0.049751
24,P6,Alpha,0.208694,0.000399
24,P2,Alpha,0.318967,0.000000
24,CPz,Alpha,0.259128,0.000010
24,TP8,Alpha,0.104278,0.079903
24,C6,Alpha,0.234736,0.000067
24,C2,Alpha,0.246349,0.000027
24,FC4,Alpha,0.230718,0.000087
24,FT8,Alpha,0.235672,0.000064
24,F6,Alpha,0.336111,0.000000
24,AF8,Alpha,0.392365,0.000000
24,F2,Alpha,0.278933,0.000002
25,Fp1,Alpha,0.070683,0.249736
25,Fz,Alpha,0.062072,0.295496
25,F3,Alpha,0.028247,0.640324
25,F7,Alpha,-0.088711,0.185872
25,FC5,Alpha,0.007534,0.906035
25,FC1,Alpha,0.015401,0.794675
25,C3,Alpha,-0.111279,0.059280
25,T7,Alpha,-0.076174,0.222706
25,CP5,Alpha,-0.004564,0.938856
25,CP1,Alpha,-0.036543,0.536800
25,Pz,Alpha,-0.015481,0.794691
25,P3,Alpha,-0.015419,0.794086
25,P7,Alpha,0.050141,0.400743
25,O1,Alpha,0.063911,0.275530
25,Oz,Alpha,0.066455,0.258474
25,O2,Alpha,0.086279,0.142740
25,P4,Alpha,0.094339,0.109512
25,P8,Alpha,0.093557,0.115684
25,CP6,Alpha,-0.005280,0.929912
25,CP2,Alpha,0.080511,0.178374
25,Cz,Alpha,0.115020,0.054553
25,C4,Alpha,0.127940,0.029104
25,T8,Alpha,-0.072040,0.247980
25,FC6,Alpha,-0.025241,0.684244
25,FC2,Alpha,0.039184,0.514526
25,F4,Alpha,0.018998,0.758661
25,F8,Alpha,0.022735,0.729373
25,Fp2,Alpha,-0.040247,0.519849
25,AF7,Alpha,-0.012499,0.846302
25,AFz,Alpha,-0.005013,0.933445
25,F1,Alpha,-0.021412,0.717001
25,F5,Alpha,0.011177,0.864671
25,FT7,Alpha,-0.104893,0.095301
25,FC3,Alpha,-0.059151,0.323157
25,C1,Alpha,0.036382,0.545062
25,C5,Alpha,-0.089229,0.148230
25,TP7,Alpha,0.001091,0.985549
25,P1,Alpha,0.078809,0.183844
25,P5,Alpha,-0.007151,0.903998
25,PO7,Alpha,-0.022822,0.699745
25,PO3,Alpha,0.040622,0.489275
25,POz,Alpha,0.100071,0.088378
25,PO4,Alpha,0.090372,0.124667
25,PO8,Alpha,0.124558,0.033370
25,P6,Alpha,0.061950,0.291392
25,P2,Alpha,0.013135,0.824655
25,CPz,Alpha,0.026994,0.652883
25,TP8,Alpha,-0.038467,0.530650
25,C6,Alpha,-0.017672,0.771711
25,C2,Alpha,0.107545,0.072895
25,FC4,Alpha,0.066645,0.268114
25,FT8,Alpha,-0.061047,0.324025
25,F6,Alpha,-0.056773,0.354542
25,AF8,Alpha,-0.022068,0.740323
25,F2,Alpha,0.042171,0.482170
26,Fp1,Alpha,0.118812,0.042843
26,Fz,Alpha,0.199221,0.000604
26,F3,Alpha,0.104218,0.080080
26,F7,Alpha,0.063247,0.330245
26,FC5,Alpha,0.068239,0.250018
26,FC1,Alpha,0.247414,0.000021
26,C3,Alpha,0.109836,0.060417
26,T7,Alpha,0.104714,0.073507
26,CP5,Alpha,0.105570,0.071658
26,CP1,Alpha,0.047878,0.414210
26,Pz,Alpha,0.002018,0.972566
26,P3,Alpha,0.075658,0.196572
26,P7,Alpha,0.156297,0.007353
26,O1,Alpha,0.054893,0.349114
26,Oz,Alpha,0.033124,0.572266
26,O2,Alpha,0.091303,0.118894
26,P4,Alpha,0.181287,0.001835
26,P8,Alpha,0.171049,0.003368
26,CP6,Alpha,0.221697,0.000130
26,CP2,Alpha,0.179285,0.002065
26,Cz,Alpha,0.086114,0.142124
26,C4,Alpha,0.239546,0.000034
26,T8,Alpha,0.196519,0.000765
26,FC6,Alpha,0.147952,0.011364
26,FC2,Alpha,0.085530,0.145553
26,F4,Alpha,0.186479,0.001451
26,F8,Alpha,0.035645,0.544761
26,Fp2,Alpha,0.058668,0.367537
26,AF7,Alpha,0.101318,0.089465
26,AFz,Alpha,0.167534,0.004158
26,F1,Alpha,0.182773,0.001809
26,F5,Alpha,0.183671,0.001622
26,FT7,Alpha,0.151766,0.009900
26,FC3,Alpha,0.267151,0.000004
26,C1,Alpha,0.157388,0.007045
26,C5,Alpha,0.097813,0.094693
26,TP7,Alpha,0.111471,0.056668
26,P1,Alpha,0.093671,0.109586
26,P5,Alpha,0.149558,0.010362
26,PO7,Alpha,0.098437,0.092596
26,PO3,Alpha,0.055668,0.342344
26,POz,Alpha,0.008868,0.879862
26,PO4,Alpha,0.076917,0.189206
26,PO8,Alpha,0.159520,0.006211
26,P6,Alpha,0.221690,0.000130
26,P2,Alpha,0.095290,0.103559
26,CPz,Alpha,0.001144,0.984437
26,TP8,Alpha,0.189319,0.001151
26,C6,Alpha,0.272909,0.000002
26,C2,Alpha,0.071479,0.222521
26,FC4,Alpha,0.121893,0.038029
26,FT8,Alpha,0.059504,0.311738
26,F6,Alpha,0.097583,0.095476
26,AF8,Alpha,0.039238,0.543541
26,F2,Alpha,0.168117,0.003902
27,Fp1,Alpha,-0.066879,0.301136
27,Fz,Alpha,-0.068904,0.278765
27,F3,Alpha,-0.011749,0.857509
27,F7,Alpha,-0.176442,0.008722
27,FC5,Alpha,-0.147187,0.029066
27,FC1,Alpha,-0.022137,0.727086
27,C3,Alpha,-0.110401,0.083980
27,T7,Alpha,-0.019739,0.758522
27,CP5,Alpha,-0.010167,0.873425
27,CP1,Alpha,-0.070694,0.264503
27,Pz,Alpha,-0.042131,0.508125
27,P3,Alpha,0.000861,0.989166
27,P7,Alpha,-0.051427,0.419117
27,O1,Alpha,-0.015054,0.812036
27,Oz,Alpha,0.005098,0.935824
27,O2,Alpha,-0.061958,0.328250
27,P4,Alpha,0.005947,0.925614
27,P8,Alpha,-0.003235,0.959327
27,CP6,Alpha,-0.048331,0.449546
27,CP2,Alpha,-0.084497,0.186538
27,Cz,Alpha,-0.017430,0.784334
27,C4,Alpha,-0.026921,0.672477
27,T8,Alpha,-0.084957,0.179702
27,FC6,Alpha,-0.097706,0.139609
27,FC2,Alpha,0.042985,0.498684
27,F4,Alpha,0.044144,0.489823
27,F8,Alpha,-0.048456,0.464600
27,Fp2,Alpha,-0.081649,0.218371
27,AF7,Alpha,-0.062005,0.360018
27,AFz,Alpha,-0.032046,0.616936
27,F1,Alpha,-0.071521,0.262809
27,F5,Alpha,-0.095765,0.151294
27,FT7,Alpha,-0.046593,0.473419
27,FC3,Alpha,-0.113692,0.078779
27,C1,Alpha,-0.100657,0.110938
27,C5,Alpha,-0.046284,0.488736
27,TP7,Alpha,0.098915,0.123329
27,P1,Alpha,-0.054953,0.385028
27,P5,Alpha,0.013512,0.830979
27,PO7,Alpha,-0.038922,0.538533
27,PO3,Alpha,0.011003,0.862567
27,POz,Alpha,-0.031417,0.621746
27,PO4,Alpha,-0.069809,0.269583
27,PO8,Alpha,-0.030434,0.632698
27,P6,Alpha,-0.034295,0.591675
27,P2,Alpha,-0.076410,0.229588
27,CPz,Alpha,-0.102588,0.107754
27,TP8,Alpha,0.048672,0.451982
27,C6,Alpha,-0.082430,0.193043
27,C2,Alpha,-0.100802,0.111140
27,FC4,Alpha,0.037189,0.566428
27,FT8,Alpha,-0.064591,0.318013
27,F6,Alpha,0.013477,0.839258
27,AF8,Alpha,0.010975,0.872885
27,F2,Alpha,0.034741,0.584569
28,Fp1,Alpha,0.011421,0.896192
28,Fz,Alpha,-0.120210,0.164904
28,F3,Alpha,-0.041497,0.635315
28,F7,Alpha,-0.021230,0.808352
28,FC5,Alpha,-0.189017,0.029962
28,FC1,Alpha,0.028081,0.746470
28,C3,Alpha,-0.038010,0.662817
28,T7,Alpha,-0.203854,0.026818
28,CP5,Alpha,-0.097147,0.265960
28,CP1,Alpha,-0.007489,0.931304
28,Pz,Alpha,0.116626,0.179602
28,P3,Alpha,0.096588,0.265098
28,P7,Alpha,-0.049692,0.567079
28,O1,Alpha,0.079908,0.356898
28,Oz,Alpha,0.090761,0.295145
28,O2,Alpha,0.011521,0.894488
28,P4,Alpha,0.123132,0.154799
28,P8,Alpha,-0.010266,0.906283
28,CP6,Alpha,-0.081583,0.348703
28,CP2,Alpha,0.054302,0.531629
28,Cz,Alpha,-0.167601,0.052015
28,C4,Alpha,-0.059576,0.494112
28,T8,Alpha,-0.269463,0.003741
28,FC6,Alpha,-0.076086,0.387724
28,FC2,Alpha,-0.082179,0.343353
28,F4,Alpha,0.066162,0.449260
28,F8,Alpha,0.050676,0.576194
28,Fp2,Alpha,-0.064392,0.470222
28,AF7,Alpha,-0.009140,0.916836
28,AFz,Alpha,-0.013722,0.874488
28,F1,Alpha,0.086798,0.316819
28,F5,Alpha,-0.178898,0.041699
28,FT7,Alpha,-0.093839,0.288264
28,FC3,Alpha,0.013110,0.880039
28,C1,Alpha,-0.005989,0.945243
28,C5,Alpha,-0.200135,0.022964
28,TP7,Alpha,-0.269680,0.002665
28,P1,Alpha,0.133749,0.121977
28,P5,Alpha,-0.086122,0.320620
28,PO7,Alpha,-0.150569,0.081310
28,PO3,Alpha,-0.034549,0.690768
28,POz,Alpha,-0.002787,0.974407
28,PO4,Alpha,0.126949,0.142310
28,PO8,Alpha,0.096450,0.265784
28,P6,Alpha,0.050474,0.560986
28,P2,Alpha,0.219509,0.010527
28,CPz,Alpha,-0.097169,0.262219
28,TP8,Alpha,-0.149028,0.091876
28,C6,Alpha,-0.270677,0.002000
28,C2,Alpha,0.010108,0.907372
28,FC4,Alpha,-0.055246,0.524501
28,FT8,Alpha,-0.237777,0.007582
28,F6,Alpha,0.125109,0.156112
28,AF8,Alpha,0.094719,0.305524
28,F2,Alpha,0.032499,0.708260
29,Fp1,Alpha,-0.015442,0.798064
29,Fz,Alpha,-0.073247,0.215234
29,F3,Alpha,0.014037,0.813474
29,F7,Alpha,0.044290,0.460417
29,FC5,Alpha,0.068682,0.248620
29,FC1,Alpha,-0.019519,0.741081
29,C3,Alpha,0.000112,0.998485
29,T7,Alpha,0.037814,0.523449
29,CP5,Alpha,0.022376,0.705338
29,CP1,Alpha,0.073626,0.212865
29,Pz,Alpha,0.059575,0.314537
29,P3,Alpha,-0.016782,0.776736
29,P7,Alpha,0.001743,0.976458
29,O1,Alpha,-0.043214,0.469013
29,Oz,Alpha,-0.070819,0.232510
29,O2,Alpha,-0.036096,0.542503
29,P4,Alpha,0.048952,0.407065
29,P8,Alpha,-0.076126,0.196909
29,CP6,Alpha,-0.012177,0.836694
29,CP2,Alpha,0.072294,0.221276
29,Cz,Alpha,0.107965,0.068763
29,C4,Alpha,0.061256,0.299355
29,T8,Alpha,-0.019535,0.742628
29,FC6,Alpha,-0.031651,0.593342
29,FC2,Alpha,0.038075,0.519846
29,F4,Alpha,-0.010949,0.853228
29,F8,Alpha,0.117165,0.051004
29,Fp2,Alpha,0.094098,0.132454
29,AF7,Alpha,-0.016568,0.794760
29,AFz,Alpha,-0.027283,0.644742
29,F1,Alpha,-0.046637,0.430434
29,F5,Alpha,0.077496,0.190498
29,FT7,Alpha,0.086080,0.147199
29,FC3,Alpha,-0.032961,0.578133
29,C1,Alpha,0.069014,0.242183
29,C5,Alpha,0.021381,0.718334
29,TP7,Alpha,0.111317,0.058749
29,P1,Alpha,0.000146,0.998035
29,P5,Alpha,0.015047,0.798949
29,PO7,Alpha,-0.039986,0.502127
29,PO3,Alpha,-0.049313,0.409415
29,POz,Alpha,-0.049500,0.401823
29,PO4,Alpha,0.030038,0.612320
29,PO8,Alpha,-0.058719,0.319855
29,P6,Alpha,-0.014358,0.807971
29,P2,Alpha,0.084743,0.150727
29,CPz,Alpha,0.120866,0.040388
29,TP8,Alpha,-0.018456,0.754723
29,C6,Alpha,0.044759,0.450051
29,C2,Alpha,0.100051,0.089553
29,FC4,Alpha,0.071137,0.228777
29,FT8,Alpha,-0.016798,0.778057
29,F6,Alpha,-0.022577,0.706302
29,AF8,Alpha,0.096279,0.116535
29,F2,Alpha,0.003149,0.957642
30,Fp1,Alpha,0.069556,0.240142
30,Fz,Alpha,-0.033874,0.562922
30,F3,Alpha,-0.069086,0.238430
30,F7,Alpha,0.079885,0.181786
30,FC5,Alpha,0.114251,0.054027
30,FC1,Alpha,-0.104062,0.076849
30,C3,Alpha,-0.044881,0.440946
30,T7,Alpha,0.069555,0.248588
30,CP5,Alpha,0.075688,0.196400
30,CP1,Alpha,0.031398,0.589922
30,Pz,Alpha,-0.017269,0.766946
30,P3,Alpha,0.009808,0.866776
30,P7,Alpha,0.093074,0.108837
30,O1,Alpha,0.001296,0.982314
30,Oz,Alpha,-0.012750,0.827382
30,O2,Alpha,-0.054548,0.352160
30,P4,Alpha,-0.012444,0.831460
30,P8,Alpha,0.006794,0.912680
30,CP6,Alpha,0.035604,0.545922
30,CP2,Alpha,0.072286,0.215750
30,Cz,Alpha,0.027855,0.634312
30,C4,Alpha,0.115702,0.045608
30,T8,Alpha,0.026991,0.678026
30,FC6,Alpha,0.090992,0.118891
30,FC2,Alpha,0.034245,0.558650
30,F4,Alpha,0.027800,0.636730
30,F8,Alpha,0.077104,0.210898
30,Fp2,Alpha,-0.000286,0.996260
30,AF7,Alpha,0.110700,0.061530
30,AFz,Alpha,-0.082764,0.161260
30,F1,Alpha,-0.044388,0.446763
30,F5,Alpha,-0.021795,0.712165
30,FT7,Alpha,0.029457,0.648413
30,FC3,Alpha,0.067180,0.249234
30,C1,Alpha,-0.077304,0.184723
30,C5,Alpha,0.126887,0.030466
30,TP7,Alpha,0.038198,0.518502
30,P1,Alpha,0.014032,0.809385
30,P5,Alpha,0.068209,0.240437
30,PO7,Alpha,0.081388,0.161094
30,PO3,Alpha,-0.008241,0.887530
30,POz,Alpha,-0.077195,0.183114
30,PO4,Alpha,-0.076732,0.189515
30,PO8,Alpha,0.072626,0.217554
30,P6,Alpha,0.004051,0.945337
30,P2,Alpha,-0.034260,0.557129
30,CPz,Alpha,0.073270,0.209555
30,TP8,Alpha,-0.025968,0.664704
30,C6,Alpha,-0.041123,0.483929
30,C2,Alpha,0.009485,0.870475
30,FC4,Alpha,0.010714,0.854111
30,FT8,Alpha,0.081006,0.174935
30,F6,Alpha,0.097470,0.108075
30,AF8,Alpha,0.009588,0.879860
30,F2,Alpha,-0.003971,0.946036
31,Fp1,Alpha,-0.007169,0.903757
31,Fz,Alpha,0.127567,0.030440
31,F3,Alpha,-0.009837,0.870769
31,F7,Alpha,-0.022290,0.708878
31,FC5,Alpha,-0.025380,0.671295
31,FC1,Alpha,0.107253,0.069633
31,C3,Alpha,0.060940,0.305258
31,T7,Alpha,0.073576,0.226474
31,CP5,Alpha,0.019808,0.737829
31,CP1,Alpha,0.088545,0.133857
31,Pz,Alpha,-0.070399,0.233653
31,P3,Alpha,-0.078511,0.183969
31,P7,Alpha,0.002294,0.969245
31,O1,Alpha,-0.068976,0.243267
31,Oz,Alpha,-0.067611,0.253572
31,O2,Alpha,0.009006,0.879469
31,P4,Alpha,0.070591,0.232380
31,P8,Alpha,0.045768,0.439085
31,CP6,Alpha,0.093743,0.113043
31,CP2,Alpha,0.031326,0.596502
31,Cz,Alpha,0.025115,0.671248
31,C4,Alpha,0.068885,0.244716
31,T8,Alpha,0.111490,0.059689
31,FC6,Alpha,0.066778,0.264567
31,FC2,Alpha,0.105598,0.073570
31,F4,Alpha,-0.002061,0.972906
31,F8,Alpha,-0.047848,0.425143
31,Fp2,Alpha,-0.018806,0.757074
31,AF7,Alpha,-0.028551,0.631848
31,AFz,Alpha,0.044909,0.447737
31,F1,Alpha,0.108286,0.067939
31,F5,Alpha,-0.008678,0.887335
31,FT7,Alpha,-0.084553,0.154534
31,FC3,Alpha,0.025183,0.670955
31,C1,Alpha,0.063140,0.286400
31,C5,Alpha,-0.073065,0.221272
31,TP7,Alpha,0.056111,0.342704
31,P1,Alpha,-0.114503,0.052245
31,P5,Alpha,-0.060031,0.310840
31,PO7,Alpha,0.022013,0.710383
31,PO3,Alpha,-0.095127,0.107180
31,POz,Alpha,-0.043888,0.458139
31,PO4,Alpha,0.045581,0.440956
31,PO8,Alpha,0.041104,0.487175
31,P6,Alpha,0.078760,0.182577
31,P2,Alpha,0.036357,0.538868
31,CPz,Alpha,-0.012755,0.829361
31,TP8,Alpha,0.100227,0.089548
31,C6,Alpha,0.124858,0.034492
31,C2,Alpha,0.032488,0.582946
31,FC4,Alpha,-0.012307,0.835838
31,FT8,Alpha,0.000324,0.995712
31,F6,Alpha,-0.024339,0.682968
31,AF8,Alpha,-0.024821,0.676495
31,F2,Alpha,0.048223,0.414905
32,Fp1,Alpha,0.047532,0.416800
32,Fz,Alpha,0.039869,0.494419
32,F3,Alpha,0.071288,0.226980
32,F7,Alpha,0.106722,0.072540
32,FC5,Alpha,0.130187,0.025853
32,FC1,Alpha,-0.080999,0.164542
32,C3,Alpha,0.044326,0.447398
32,T7,Alpha,0.047125,0.419216
32,CP5,Alpha,0.097117,0.095933
32,CP1,Alpha,0.041366,0.478340
32,Pz,Alpha,0.046679,0.424423
32,P3,Alpha,0.015317,0.793000
32,P7,Alpha,0.038961,0.504308
32,O1,Alpha,0.014783,0.800396
32,Oz,Alpha,0.026599,0.648560
32,O2,Alpha,0.036989,0.526144
32,P4,Alpha,0.061580,0.290978
32,P8,Alpha,-0.016546,0.776808
32,CP6,Alpha,-0.007175,0.902174
32,CP2,Alpha,0.023949,0.681545
32,Cz,Alpha,0.003759,0.948647
32,C4,Alpha,0.119013,0.040737
32,T8,Alpha,-0.091054,0.118012
32,FC6,Alpha,0.023807,0.683852
32,FC2,Alpha,-0.009558,0.869933
32,F4,Alpha,0.067248,0.251186
32,F8,Alpha,0.001186,0.983875
32,Fp2,Alpha,0.046221,0.439434
32,AF7,Alpha,0.141073,0.022896
32,AFz,Alpha,0.072034,0.220533
32,F1,Alpha,0.058138,0.321317
32,F5,Alpha,0.141123,0.015631
32,FT7,Alpha,0.050787,0.384764
32,FC3,Alpha,-0.033170,0.569752
32,C1,Alpha,-0.005293,0.927744
32,C5,Alpha,0.013863,0.812259
32,TP7,Alpha,0.013525,0.816756
32,P1,Alpha,-0.000857,0.988283
32,P5,Alpha,0.048026,0.410368
32,PO7,Alpha,0.002730,0.962702
32,PO3,Alpha,-0.030148,0.605435
32,POz,Alpha,0.064922,0.265535
32,PO4,Alpha,0.022595,0.698648
32,PO8,Alpha,0.051723,0.375235
32,P6,Alpha,-0.096609,0.097122
32,P2,Alpha,0.024518,0.674930
32,CPz,Alpha,0.040322,0.490264
32,TP8,Alpha,-0.105061,0.071574
32,C6,Alpha,0.009729,0.867625
32,C2,Alpha,0.038555,0.508761
32,FC4,Alpha,0.068637,0.239088
32,FT8,Alpha,0.029762,0.610669
32,F6,Alpha,0.023224,0.693195
32,AF8,Alpha,0.048885,0.419407
32,F2,Alpha,0.011769,0.840205
33,Fp1,Alpha,-0.043789,0.452927
33,Fz,Alpha,0.007274,0.900329
33,F3,Alpha,-0.050841,0.381829
33,F7,Alpha,-0.055059,0.344356
33,FC5,Alpha,-0.022855,0.693882
33,FC1,Alpha,-0.018003,0.756543
33,C3,Alpha,-0.083433,0.150108
33,T7,Alpha,-0.044041,0.448023
33,CP5,Alpha,-0.041018,0.479814
33,CP1,Alpha,-0.027372,0.637350
33,Pz,Alpha,-0.055843,0.335886
33,P3,Alpha,-0.024259,0.676109
33,P7,Alpha,0.033333,0.565880
33,O1,Alpha,0.121591,0.035597
33,Oz,Alpha,0.066434,0.252926
33,O2,Alpha,0.056910,0.327540
33,P4,Alpha,-0.038923,0.502558
33,P8,Alpha,0.046665,0.421409
33,CP6,Alpha,-0.039127,0.500317
33,CP2,Alpha,-0.052061,0.369692
33,Cz,Alpha,0.031509,0.587340
33,C4,Alpha,-0.108585,0.060752
33,T8,Alpha,-0.019904,0.732216
33,FC6,Alpha,-0.027398,0.637598
33,FC2,Alpha,0.056950,0.326383
33,F4,Alpha,-0.009235,0.873655
33,F8,Alpha,-0.102298,0.078382
33,Fp2,Alpha,-0.026614,0.650609
33,AF7,Alpha,-0.061589,0.289267
33,AFz,Alpha,-0.062795,0.279097
33,F1,Alpha,-0.028140,0.627927
33,F5,Alpha,-0.043265,0.456826
33,FT7,Alpha,0.001099,0.984895
33,FC3,Alpha,-0.072641,0.211169
33,C1,Alpha,-0.012109,0.834824
33,C5,Alpha,-0.028407,0.624665
33,TP7,Alpha,0.010882,0.851353
33,P1,Alpha,-0.072870,0.208960
33,P5,Alpha,0.070274,0.225684
33,PO7,Alpha,0.080643,0.164979
33,PO3,Alpha,0.078235,0.178001
33,POz,Alpha,0.002044,0.971966
33,PO4,Alpha,0.016728,0.773302
33,PO8,Alpha,0.049854,0.391151
33,P6,Alpha,-0.002982,0.959049
33,P2,Alpha,-0.036689,0.527410
33,CPz,Alpha,-0.009758,0.866559
33,TP8,Alpha,0.029431,0.612230
33,C6,Alpha,-0.077064,0.183862
33,C2,Alpha,-0.020775,0.720513
33,FC4,Alpha,-0.042297,0.466223
33,FT8,Alpha,-0.049587,0.393694
33,F6,Alpha,-0.068899,0.234910
33,AF8,Alpha,-0.065683,0.260773
33,F2,Alpha,-0.013390,0.817644
34,Fp1,Alpha,0.063375,0.306811
34,Fz,Alpha,0.032214,0.582222
34,F3,Alpha,0.159453,0.006414
34,F7,Alpha,0.058709,0.320782
34,FC5,Alpha,0.089861,0.124858
34,FC1,Alpha,-0.055253,0.345134
34,C3,Alpha,0.041894,0.474249
34,T7,Alpha,0.025366,0.666532
34,CP5,Alpha,-0.043786,0.456832
34,CP1,Alpha,0.126165,0.030564
34,Pz,Alpha,0.108495,0.063187
34,P3,Alpha,0.108767,0.062525
34,P7,Alpha,-0.009597,0.870508
34,O1,Alpha,0.064263,0.272066
34,Oz,Alpha,0.063370,0.283798
34,O2,Alpha,0.064681,0.273099
34,P4,Alpha,-0.019225,0.743993
34,P8,Alpha,0.008042,0.890976
34,CP6,Alpha,0.020942,0.720645
34,CP2,Alpha,0.082115,0.160215
34,Cz,Alpha,0.096637,0.098169
34,C4,Alpha,0.056196,0.338610
34,T8,Alpha,-0.038541,0.517705
34,FC6,Alpha,0.017571,0.768120
34,FC2,Alpha,-0.087729,0.133425
34,F4,Alpha,0.044902,0.451805
34,F8,Alpha,0.014160,0.814837
34,Fp2,Alpha,-0.014838,0.802026
34,AF7,Alpha,0.049847,0.414623
34,AFz,Alpha,0.191379,0.001055
34,F1,Alpha,0.063981,0.274178
34,F5,Alpha,0.142738,0.015704
34,FT7,Alpha,0.038396,0.514868
34,FC3,Alpha,0.009410,0.872359
34,C1,Alpha,0.072689,0.214766
34,C5,Alpha,-0.025446,0.666081
34,TP7,Alpha,0.017380,0.767816
34,P1,Alpha,0.040512,0.490457
34,P5,Alpha,-0.018177,0.757497
34,PO7,Alpha,0.036944,0.529471
34,PO3,Alpha,0.058512,0.318209
34,POz,Alpha,-0.037752,0.520505
34,PO4,Alpha,0.011940,0.839009
34,PO8,Alpha,-0.050529,0.393755
34,P6,Alpha,-0.060116,0.305106
34,P2,Alpha,0.064831,0.267838
34,CPz,Alpha,0.098224,0.092745
34,TP8,Alpha,-0.025828,0.659182
34,C6,Alpha,0.099129,0.093134
34,C2,Alpha,0.002695,0.963295
34,FC4,Alpha,-0.027915,0.634747
34,FT8,Alpha,0.010531,0.858524
34,F6,Alpha,0.079235,0.180711
34,AF8,Alpha,0.087293,0.162116
34,F2,Alpha,-0.052372,0.370906
35,Fp1,Alpha,-0.005047,0.933003
35,Fz,Alpha,0.076808,0.200057
35,F3,Alpha,0.036686,0.540975
35,F7,Alpha,0.008680,0.885024
35,FC5,Alpha,0.020557,0.731985
35,FC1,Alpha,0.096142,0.108429
35,C3,Alpha,0.114202,0.056305
35,T7,Alpha,0.033717,0.574235
35,CP5,Alpha,0.051619,0.389537
35,CP1,Alpha,0.155794,0.009022
35,Pz,Alpha,0.024686,0.680865
35,P3,Alpha,0.043156,0.471990
35,P7,Alpha,0.018739,0.754902
35,O1,Alpha,0.106291,0.075788
35,Oz,Alpha,0.056032,0.350233
35,O2,Alpha,0.003060,0.959345
35,P4,Alpha,0.008141,0.892129
35,P8,Alpha,0.050184,0.402864
35,CP6,Alpha,0.049587,0.408495
35,CP2,Alpha,0.178144,0.002776
35,Cz,Alpha,0.147567,0.013444
35,C4,Alpha,0.161114,0.006901
35,T8,Alpha,0.053635,0.371263
35,FC6,Alpha,-0.010868,0.856324
35,FC2,Alpha,0.091448,0.126866
35,F4,Alpha,-0.008959,0.881355
35,F8,Alpha,0.008216,0.891325
35,Fp2,Alpha,-0.036332,0.544887
35,AF7,Alpha,-0.036329,0.544921
35,AFz,Alpha,0.063422,0.290248
35,F1,Alpha,0.076677,0.200830
35,F5,Alpha,-0.009386,0.875744
35,FT7,Alpha,0.017274,0.773909
35,FC3,Alpha,0.051875,0.387188
35,C1,Alpha,0.115968,0.052576
35,C5,Alpha,0.006663,0.911620
35,TP7,Alpha,0.034498,0.565395
35,P1,Alpha,0.018729,0.755022
35,P5,Alpha,0.023169,0.699489
35,PO7,Alpha,0.046674,0.436603
35,PO3,Alpha,0.063505,0.289618
35,POz,Alpha,-0.010227,0.864720
35,PO4,Alpha,-0.027276,0.649500
35,PO8,Alpha,0.024859,0.678750
35,P6,Alpha,0.024715,0.680511
35,P2,Alpha,0.000463,0.993850
35,CPz,Alpha,0.126032,0.035040
35,TP8,Alpha,0.023917,0.690275
35,C6,Alpha,0.082950,0.166296
35,C2,Alpha,0.211634,0.000363
35,FC4,Alpha,0.022214,0.711311
35,FT8,Alpha,0.002340,0.968909
35,F6,Alpha,-0.021782,0.716687
35,AF8,Alpha,-0.020375,0.734735
35,F2,Alpha,0.075932,0.205251
36,Fp1,Alpha,0.151842,0.013520
36,Fz,Alpha,0.137634,0.025052
36,F3,Alpha,0.157038,0.010461
36,F7,Alpha,0.120514,0.052724
36,FC5,Alpha,0.158043,0.010115
36,FC1,Alpha,0.136281,0.026530
36,C3,Alpha,0.150377,0.014272
36,T7,Alpha,0.176925,0.003929
36,CP5,Alpha,0.165874,0.006805
36,CP1,Alpha,0.143479,0.019453
36,Pz,Alpha,0.119859,0.051298
36,P3,Alpha,0.092990,0.131811
36,P7,Alpha,0.123170,0.045565
36,O1,Alpha,0.085653,0.164440
36,Oz,Alpha,0.075655,0.219629
36,O2,Alpha,0.093624,0.128454
36,P4,Alpha,0.143490,0.019444
36,P8,Alpha,0.081782,0.184426
36,CP6,Alpha,0.145772,0.017574
36,CP2,Alpha,0.141304,0.021395
36,Cz,Alpha,0.098168,0.112223
36,C4,Alpha,0.258646,0.000021
36,T8,Alpha,0.162337,0.008103
36,FC6,Alpha,0.325185,0.000000
36,FC2,Alpha,0.218865,0.000331
36,F4,Alpha,0.286732,0.000002
36,F8,Alpha,0.238566,0.000088
36,Fp2,Alpha,0.247631,0.000054
36,AF7,Alpha,0.188828,0.002187
36,AFz,Alpha,0.138761,0.023875
36,F1,Alpha,0.129574,0.035011
36,F5,Alpha,0.168363,0.006201
36,FT7,Alpha,0.084721,0.172380
36,FC3,Alpha,0.131974,0.032401
36,C1,Alpha,0.105916,0.085272
36,C5,Alpha,0.138185,0.024471
36,TP7,Alpha,0.162722,0.007952
36,P1,Alpha,0.125421,0.041339
36,P5,Alpha,0.095242,0.123386
36,PO7,Alpha,0.092359,0.134461
36,PO3,Alpha,0.069801,0.259331
36,POz,Alpha,0.067385,0.275307
36,PO4,Alpha,0.103511,0.093273
36,PO8,Alpha,0.097216,0.114377
36,P6,Alpha,0.110163,0.073407
36,P2,Alpha,0.133794,0.029443
36,CPz,Alpha,0.116293,0.058681
36,TP8,Alpha,0.069391,0.260323
36,C6,Alpha,0.149422,0.014908
36,C2,Alpha,0.213401,0.000493
36,FC4,Alpha,0.351520,0.000000
36,FT8,Alpha,0.253892,0.000030
36,F6,Alpha,0.252472,0.000036
36,AF8,Alpha,0.227085,0.000229
36,F2,Alpha,0.199998,0.001062
